Fani, Michalis;Apollon (CYP);ChipreChipre;Guarda-redes;R$ 168.121,00;33
Fanni, Rod;Marseille (FRA) / France;FrançaFrança;Defesa;R$ 55.857,00;22
Faour, Zackarias;Sweden U17;SuéciaSuécia;Avançado;R$ 23.250,00;25
Farádi-Szabó, Edina;Hungary WU19;HungriaHungria;Médio;R$ 197.687,00;19
Farajzade, Rajab;Araz (AZE) / Azerbaijan FUT;AzerbaijãoAzerbaijão;Avançado;R$ 402.855,00;27
Fardjad-Azad, Pardis;Sumqay?t (AZE) / Azerbaijan;IrãoIrão;Avançado;R$ 267.253,00;37
Farfán, Jefferson;Schalke (GER);PeruPeru;Avançado;R$ 62.319,00;18
Farias, Diego;Cagliari (ITA);BrasilBrasil;Avançado;R$ 372.158,00;26
Farkas, Patrick;Mattersburg (AUT) / Austria U21;ÁustriaÁustria;Defesa;R$ 252.374,00;20
Farkas, Norbert;Hungary U21;HungriaHungria;Defesa;R$ 24.961,00;24
Farley;Apollon (CYP);BrasilBrasil;Médio;R$ 34.404,00;36
Farnerud, Alexander;Torino (ITA);SuéciaSuécia;Médio;R$ 238.039,00;32
Farnolle, Fabien;Dinamo Bucure?ti (ROU);FrançaFrança;Guarda-redes;R$ 6.000,00;27
Farré, Margot;Andorra WOCO;AndorraAndorra;Defesa;R$ 2.242,00;28
Farrell, Autumn;Glasgow City (SCO);EscóciaEscócia;Guarda-redes;R$ 293.826,00;22
Farrelly, Niamh;Republic of Ireland WU17;República da IrlandaRepública da Irlanda;Defesa;R$ 220.022,00;34
Farrugia, Stefania;Birkirkara (MLT) / Malta WOCO;MaltaMalta;Médio;R$ 382.580,00;23
Farrugia, Jean Paul;Malta;MaltaMalta;Avançado;R$ 237.608,00;20
Farrugia, Nicolas;Balzan (MLT) / Malta FUT;MaltaMalta;Guarda-redes;R$ 96.313,00;31
Farrugia, Brooke;Floriana (MLT) / Malta U21 / Malta;MaltaMalta;Médio;R$ 264.750,00;21
Farrugia, Andrea;Malta FUT;MaltaMalta;Avançado;R$ 362.163,00;25
Farssi, Rachid;Lierse (BEL);BélgicaBélgica;Médio;R$ 440.264,00;26
Farzaliyev, Rizvan;Araz (AZE) / Azerbaijan FUT;AzerbaijãoAzerbaijão;Defesa;R$ 102.627,00;29
Fasan, Leonardo;Celtic (SCO);ItáliaItália;Guarda-redes;R$ 107.182,00;17
Fasel, Carola;Switzerland WU19;SuíçaSuíça;Defesa;R$ 200.229,00;20
Fatai, Kehinde;Astra (ROU);NigériaNigéria;Avançado;R$ 260.719,00;29
Fatih Atik;Trabzonspor (TUR);TurquiaTurquia;Médio;R$ 439.682,00;26
Fatih Öztürk;Trabzonspor (TUR);TurquiaTurquia;Guarda-redes;R$ 157.932,00;30
Fátima Pinto;Portugal WU19;PortugalPortugal;Médio;R$ 314.154,00;35
Fatma Kara;Turkey WOCO;TurquiaTurquia;Médio;R$ 389.942,00;29
Fatma ?ah?n;Konak (TUR) / Turkey WOCO;TurquiaTurquia;Guarda-redes;R$ 13.735,00;31
Fatullayeva, Sanay;Azerbaijan WU17;AzerbaijãoAzerbaijão;Defesa;R$ 465.677,00;23
Fatulová, Simona;Slovan Bratislava (SVK) / Slovakia WOCO;EslováquiaEslováquia;Médio;R$ 236.380,00;17
Faty, Ricardo;Standard Liège (BEL);SenegalSenegal;Médio;R$ 183.467,00;25
Faubert, Julien;Bordeaux (FRA);FrançaFrança;Médio;R$ 167.711,00;37
Faurlin, Alejandro;QPR (ENG);ArgentinaArgentina;Médio;R$ 173.968,00;22
Favre, Anthony;Zürich (SUI);SuíçaSuíça;Guarda-redes;R$ 117.684,00;31
Fay, Gemma;Hibernian (SCO) / Scotland WOCO;EscóciaEscócia;Guarda-redes;R$ 168.350,00;35
Fayzulin, Viktor;Zenit (RUS) / Russia;RússiaRússia;Médio;R$ 429.135,00;25
Fayzullin, Dmitri;Dina Moskva (RUS);RússiaRússia;Guarda-redes;R$ 144.656,00;22
Fazio, Mimma;Torres (ITA);ItáliaItália;Guarda-redes;R$ 297.117,00;19
Fazio, Federico;Tottenham (ENG);ArgentinaArgentina;Defesa;R$ 33.521,00;34
Feasey, Kirsty;Birkirkara (MLT) / Malta WOCO;MaltaMalta;Defesa;R$ 432.034,00;31
Fecková, Dana;Slovan Bratislava (SVK) / Slovakia WOCO;EslováquiaEslováquia;Avançado;R$ 126.541,00;32
Fedele, Matteo;Grasshoppers (SUI);SuíçaSuíça;Médio;R$ 134.922,00;27
Fedetskiy, Artem;Dnipro (UKR) / Ukraine;UcrâniaUcrânia;Defesa;R$ 27.652,00;34
Fedin, Maxim;Spartak Subotica (SRB) / Kazakhstan U19;CazaquistãoCazaquistão;Avançado;R$ 421.938,00;36
Fedorchenko, Dmytro;Lokomotiv (UKR) / Ukraine FUT;UcrâniaUcrânia;Avançado;R$ 168.824,00;28
Fedorchuk, Valeriy;Dnipro (UKR) / Ukraine;UcrâniaUcrânia;Médio;R$ 229.301,00;27
Fedoriv, Vitaliy;Hoverla (UKR);UcrâniaUcrânia;Defesa;R$ 301.040,00;31
Fani, Michalis;Apollon (CYP);ChipreChipre;Guarda-redes;R$ 172.695,00;25
Fanni, Rod;Marseille (FRA) / France;FrançaFrança;Defesa;R$ 210.313,00;36
Faour, Zackarias;Sweden U17;SuéciaSuécia;Avançado;R$ 182.055,00;18
Farádi-Szabó, Edina;Hungary WU19;HungriaHungria;Médio;R$ 14.844,00;26
Farajzade, Rajab;Araz (AZE) / Azerbaijan FUT;AzerbaijãoAzerbaijão;Avançado;R$ 151.486,00;22
Fardjad-Azad, Pardis;Sumqay?t (AZE) / Azerbaijan;IrãoIrão;Avançado;R$ 146.420,00;23
Farfán, Jefferson;Schalke (GER);PeruPeru;Avançado;R$ 431.143,00;28
Farias, Diego;Cagliari (ITA);BrasilBrasil;Avançado;R$ 311.907,00;32
Farkas, Patrick;Mattersburg (AUT) / Austria U21;ÁustriaÁustria;Defesa;R$ 135.231,00;17
Farkas, Norbert;Hungary U21;HungriaHungria;Defesa;R$ 121.661,00;18
Farley;Apollon (CYP);BrasilBrasil;Médio;R$ 85.440,00;20
Farnerud, Alexander;Torino (ITA);SuéciaSuécia;Médio;R$ 323.005,00;18
Farnolle, Fabien;Dinamo Bucure?ti (ROU);FrançaFrança;Guarda-redes;R$ 244.094,00;27
Farré, Margot;Andorra WOCO;AndorraAndorra;Defesa;R$ 62.320,00;27
Farrell, Autumn;Glasgow City (SCO);EscóciaEscócia;Guarda-redes;R$ 279.072,00;26
Farrelly, Niamh;Republic of Ireland WU17;República da IrlandaRepública da Irlanda;Defesa;R$ 312.640,00;24
Farrugia, Stefania;Birkirkara (MLT) / Malta WOCO;MaltaMalta;Médio;R$ 379.457,00;30
Farrugia, Jean Paul;Malta;MaltaMalta;Avançado;R$ 199.554,00;31
Farrugia, Nicolas;Balzan (MLT) / Malta FUT;MaltaMalta;Guarda-redes;R$ 357.233,00;37
Farrugia, Brooke;Floriana (MLT) / Malta U21 / Malta;MaltaMalta;Médio;R$ 111.355,00;17
Farrugia, Andrea;Malta FUT;MaltaMalta;Avançado;R$ 51.439,00;31
Farssi, Rachid;Lierse (BEL);BélgicaBélgica;Médio;R$ 429.028,00;28
Farzaliyev, Rizvan;Araz (AZE) / Azerbaijan FUT;AzerbaijãoAzerbaijão;Defesa;R$ 251.643,00;30
Fasan, Leonardo;Celtic (SCO);ItáliaItália;Guarda-redes;R$ 351.871,00;33
Fasel, Carola;Switzerland WU19;SuíçaSuíça;Defesa;R$ 102.774,00;34
Fatai, Kehinde;Astra (ROU);NigériaNigéria;Avançado;R$ 390.364,00;37
Fatih Atik;Trabzonspor (TUR);TurquiaTurquia;Médio;R$ 101.438,00;27
Fatih Öztürk;Trabzonspor (TUR);TurquiaTurquia;Guarda-redes;R$ 203.811,00;33
Fátima Pinto;Portugal WU19;PortugalPortugal;Médio;R$ 169.940,00;25
Fatma Kara;Turkey WOCO;TurquiaTurquia;Médio;R$ 304.369,00;18
Fatma ?ah?n;Konak (TUR) / Turkey WOCO;TurquiaTurquia;Guarda-redes;R$ 307.829,00;28
Fatullayeva, Sanay;Azerbaijan WU17;AzerbaijãoAzerbaijão;Defesa;R$ 390.999,00;31
Fatulová, Simona;Slovan Bratislava (SVK) / Slovakia WOCO;EslováquiaEslováquia;Médio;R$ 357.930,00;37
Faty, Ricardo;Standard Liège (BEL);SenegalSenegal;Médio;R$ 15.099,00;24
Faubert, Julien;Bordeaux (FRA);FrançaFrança;Médio;R$ 121.459,00;37
Faurlin, Alejandro;QPR (ENG);ArgentinaArgentina;Médio;R$ 414.707,00;33
Favre, Anthony;Zürich (SUI);SuíçaSuíça;Guarda-redes;R$ 35.003,00;27
Fay, Gemma;Hibernian (SCO) / Scotland WOCO;EscóciaEscócia;Guarda-redes;R$ 389.310,00;36
Fayzulin, Viktor;Zenit (RUS) / Russia;RússiaRússia;Médio;R$ 401.767,00;23
Fayzullin, Dmitri;Dina Moskva (RUS);RússiaRússia;Guarda-redes;R$ 282.022,00;20
Fazio, Mimma;Torres (ITA);ItáliaItália;Guarda-redes;R$ 417.059,00;24
Fazio, Federico;Tottenham (ENG);ArgentinaArgentina;Defesa;R$ 420.794,00;19
Feasey, Kirsty;Birkirkara (MLT) / Malta WOCO;MaltaMalta;Defesa;R$ 264.521,00;20
Fecková, Dana;Slovan Bratislava (SVK) / Slovakia WOCO;EslováquiaEslováquia;Avançado;R$ 16.034,00;25
Fedele, Matteo;Grasshoppers (SUI);SuíçaSuíça;Médio;R$ 352.608,00;33
Fedetskiy, Artem;Dnipro (UKR) / Ukraine;UcrâniaUcrânia;Defesa;R$ 197.365,00;31
Fedin, Maxim;Spartak Subotica (SRB) / Kazakhstan U19;CazaquistãoCazaquistão;Avançado;R$ 377.247,00;24
Fedorchenko, Dmytro;Lokomotiv (UKR) / Ukraine FUT;UcrâniaUcrânia;Avançado;R$ 363.853,00;21
Fedorchuk, Valeriy;Dnipro (UKR) / Ukraine;UcrâniaUcrânia;Médio;R$ 31.494,00;22
Fedoriv, Vitaliy;Hoverla (UKR);UcrâniaUcrânia;Defesa;R$ 259.477,00;28
Fedorivskiy, Nazariy;Ukraine U19;UcrâniaUcrânia;Guarda-redes;R$ 368.721,00;33
Fedoseinco, Ecaterina;Goliador-Real (MDA);República da MoldáviaRepública da Moldávia;Médio;R$ 60.963,00;17
Fedotov, Vitaliy;Metalurh Donetsk (UKR);UcrâniaUcrânia;Avançado;R$ 276.306,00;18
Fedotova , Ren?te;R?gas Futbola skola (LVA) / Latvia WOCO / Latvia WU19;LetóniaLetónia;Avançado;R$ 386.237,00;29
Feehan, Moya;Northern Ireland WU19;Irlanda do NorteIrlanda do Norte;Avançado;R$ 386.927,00;34
Feghouli, Sofiane;Valencia (ESP) / Algeria;ArgéliaArgélia;Médio;R$ 184.606,00;33
Fehér, Krisztián;Berettyóújfalu (HUN);HungriaHungria;Avançado;R$ 103.676,00;29
Fehervári, Attila;Slov-Matic (SVK) / Slovakia FUT;EslováquiaEslováquia;Avançado;R$ 411.429,00;21
Fejsa, Ljubomir;Benfica (POR) / Serbia;SérviaSérvia;Médio;R$ 30.553,00;18
Fejzic, Jasmin;Aalen (GER) / Bosnia and Herzegovina;Bósnia-HerzegovinaBósnia-Herzegovina;Guarda-redes;R$ 60.623,00;23
Fejzullahu, Erton;Sweden;SuéciaSuécia;Avançado;R$ 349.589,00;33
Fejzullahu, Arbnor;Albania U21;AlbâniaAlbânia;Defesa;R$ 461.406,00;36
Fekir, Nabil;Lyon (FRA) / France U21;FrançaFrança;Médio;R$ 449.677,00;23
Felber, Mischa;Bulle (SUI) / Switzerland FUT;SuíçaSuíça;Guarda-redes;R$ 129.275,00;21
Felder, Luisa;Switzerland WU17;SuíçaSuíça;Defesa;R$ 462.888,00;28
Feldkamp, Jana;Germany WU17;AlemanhaAlemanha;Médio;R$ 94.482,00;32
Felfel, Yones;København (DEN);DinamarcaDinamarca;Avançado;R$ 468.738,00;25
Feli?, Alma;Bosnia and Herzegovina WU19;Bósnia-HerzegovinaBósnia-Herzegovina;Defesa;R$ 84.547,00;19
Felice, Luca;Luparense (ITA);ItáliaItália;Defesa;R$ 120.260,00;31
Felipe;Internazionale (ITA);BrasilBrasil;Defesa;R$ 190.848,00;32
Felipe;Hannover (GER);BrasilBrasil;Defesa;R$ 165.584,00;26
Felipe;Araz (AZE) / Azerbaijan FUT;AzerbaijãoAzerbaijão;Defesa;R$ 91.924,00;28
Felipe Deyvisson;Chrudim (CZE);BrasilBrasil;Defesa;R$ 238.515,00;36
Felipe Gedoz;Club Brugge (BEL);BrasilBrasil;Avançado;R$ 403.123,00;17
Felipe Lopes;Wolfsburg (GER);BrasilBrasil;Defesa;R$ 251.686,00;26
Felipe Melo;Galatasaray (TUR);BrasilBrasil;Médio;R$ 353.531,00;35
Felipe Pires;Salzburg (AUT);BrasilBrasil;Médio;R$ 87.387,00;32
Felipe Saad;Caen (FRA);BrasilBrasil;Defesa;R$ 462.365,00;27
Felipe Santana;Olympiacos (GRE);BrasilBrasil;Defesa;R$ 351.145,00;26
Fellah, Mohammed;Esbjerg (DEN);NoruegaNoruega;Médio;R$ 77.661,00;23
Fellaini, Marouane;Man. United (ENG) / Belgium;BélgicaBélgica;Médio;R$ 49.829,00;25
Fellmann, Fabian;Switzerland U19;SuíçaSuíça;Guarda-redes;R$ 42.698,00;26
Feltscher, Frank;Aarau (SUI);SuíçaSuíça;Médio;R$ 430.756,00;23
Fenech, Paul;Malta;MaltaMalta;Médio;R$ 261.792,00;32
Fenech, Ryan;Malta;MaltaMalta;Médio;R$ 163.609,00;22
Fenech, Russell;Malta U17;MaltaMalta;Avançado;R$ 493.223,00;19
Fer, Leroy;QPR (ENG) / Netherlands;HolandaHolanda;Médio;R$ 169.908,00;35
Ferati, Beg;Sion (SUI);SuíçaSuíça;Defesa;R$ 75.464,00;36
Fercocq, Hélène;France WU17;FrançaFrança;Médio;R$ 43.104,00;33
Ferdinand, Rio;QPR (ENG);InglaterraInglaterra;Defesa;R$ 70.586,00;19
Feret, Julien;Caen (FRA);FrançaFrança;Médio;R$ 242.315,00;27
Ferfelea, Viorel;U Craiova (ROU);RoméniaRoménia;Médio;R$ 102.047,00;22
Ferguson, Sonia;Glentoran (NIR);Irlanda do NorteIrlanda do Norte;Defesa;R$ 497.097,00;28
Ferguson, Shane;Rangers (SCO) / Northern Ireland;Irlanda do NorteIrlanda do Norte;Defesa;R$ 187.242,00;22
Ferguson, Kyle;Wrexham (WAL);InglaterraInglaterra;Defesa;R$ 410.809,00;26
Ferhat A?ik;Istanbul Üniversitesi (TUR);TurquiaTurquia;Defesa;R$ 119.324,00;17
Ferhat Kaplan;Gençlerbirli?i (TUR);TurquiaTurquia;Guarda-redes;R$ 257.265,00;32
Ferhat Kiraz;Kas?mpa?a (TUR);TurquiaTurquia;Médio;R$ 337.147,00;26
Ferhat Öztorun;?stanbul Ba?ak?ehir (TUR);TurquiaTurquia;Defesa;R$ 168.571,00;21
Feric, Ivana;Spratzern (AUT) / Austria WU19;ÁustriaÁustria;Médio;R$ 74.109,00;31
;;;;R$ 237.661,00;27
Jogador;Clube/equipa;País;Posição;R$ 114.068,00;23
Ferin, Sara;Italy WU17;ItáliaItália;Guarda-redes;R$ 5.025,00;30
Fernandão;Barcelona (ESP) / Spain FUT;EspanhaEspanha;Avançado;R$ 255.209,00;23
Fernandes, Gelson;Rennes (FRA) / Switzerland;SuíçaSuíça;Médio;R$ 155.086,00;28
Fernandes, Daniel;Panthrakikos (GRE);PortugalPortugal;Guarda-redes;R$ 391.860,00;33
Fernandes, Rashaan;Netherlands U17;HolandaHolanda;Avançado;R$ 271.607,00;23
Fernández, Matías;Fiorentina (ITA);ChileChile;Médio;R$ 23.025,00;27
Fernandez, Guyon;NAC (NED);HolandaHolanda;Avançado;R$ 359.659,00;20
Fernandez, Augusto;Celta (ESP) / Argentina;ArgentinaArgentina;Médio;R$ 105.002,00;28
Fernández, Jesús;Levante (ESP);EspanhaEspanha;Guarda-redes;R$ 444.982,00;29
Fernández, Federico;Swansea (ENG) / Argentina;ArgentinaArgentina;Defesa;R$ 357.777,00;30
Fernández, Judith;Bristol (ENG);EspanhaEspanha;Médio;R$ 16.182,00;17
Fernández, Gabriel;Andorra U19;AndorraAndorra;Médio;R$ 228.637,00;33
Fernández, Nicolás;Asteras (GRE);ItáliaItália;Médio;R$ 416.686,00;18
Fernandez, Ricard;Andorra U17;AndorraAndorra;Avançado;R$ 113.161,00;27
Fernandez, Angel;Andorra FUT;AndorraAndorra;Guarda-redes;R$ 227.107,00;36
Fernández, Paula;Spain WU17;EspanhaEspanha;Médio;R$ 284.266,00;34
Fernandinho;Man. City (ENG) / Brazil;BrasilBrasil;Médio;R$ 477.313,00;23
Fernando;Man. City (ENG);BrasilBrasil;Médio;R$ 391.120,00;37
Fernando;Shakhtar Donetsk (UKR);BrasilBrasil;Médio;R$ 422.121,00;35
Fernando Alexandre;Académica (POR);PortugalPortugal;Médio;R$ 161.704,00;23
Fernando Canesin;Oostende (BEL);BrasilBrasil;Médio;R$ 300.320,00;25
Fernando Navarro;Sevilla (ESP);EspanhaEspanha;Defesa;R$ 83.494,00;35
Ferni;Atlético (ESP) / Spain U17;EspanhaEspanha;Avançado;R$ 454.049,00;18
Ferran Pol;Lusitans (AND) / Andorra;AndorraAndorra;Guarda-redes;R$ 330.250,00;20
Ferrao;Barcelona (ESP);BrasilBrasil;Avançado;R$ 454.541,00;22
Ferré, Marc;FC Andorra (AND) / Andorra / Andorra U21;AndorraAndorra;Médio;R$ 347.663,00;35
Ferreira, Fernando;Marítimo (POR);PortugalPortugal;Médio;R$ 341.263,00;20
Ferreira, Jonathan;Ordino (AND) / Andorra U21;AndorraAndorra;Defesa;R$ 493.604,00;28
Ferreira, Flávio;Málaga (ESP);PortugalPortugal;Defesa;R$ 12.777,00;34
Ferreira, Andre;Andorra FUT;AndorraAndorra;Guarda-redes;R$ 404.496,00;35
Ferreira-Carrasco, Yannick;Monaco (FRA) / Belgium;BélgicaBélgica;Avançado;R$ 389.083,00;27
Ferreyra, Facundo;Newcastle (ENG);ArgentinaArgentina;Avançado;R$ 301.620,00;26
Ferri, Jordan;Lyon (FRA);FrançaFrança;Médio;R$ 404.732,00;22
Ferriz , David;Andorra FUT;AndorraAndorra;Defesa;R$ 153.635,00;29
Ferriz Gracia, Alex;Encamp (AND);AndorraAndorra;Defesa;R$ 61.974,00;31
Ferry, Simon;Dundee (SCO);EscóciaEscócia;Médio;R$ 30.339,00;24
Ferry;Barcelona (ESP);EspanhaEspanha;Defesa;R$ 185.881,00;25
Fertovs, Aleksandrs;Korona (POL) / Latvia;LetóniaLetónia;Médio;R$ 324.935,00;32
Feschuk, Maxym;Hoverla (UKR);UcrâniaUcrânia;Avançado;R$ 165.591,00;21
Festersen, Rasmus;Vestsjælland (DEN);DinamarcaDinamarca;Avançado;R$ 391.617,00;22
Fetahovi?, Amela;Nové Zámky (SVK) / Bosnia and Herzegovina WOCO;Bósnia-HerzegovinaBósnia-Herzegovina;Avançado;R$ 301.352,00;32
Fetfatzidis, Giannis;Chievo (ITA) / Greece;GréciaGrécia;Médio;R$ 430.038,00;37
Feti?, Alen;Novo Vrijeme (CRO) / Slovenia FUT;EslovéniaEslovénia;Avançado;R$ 365.327,00;18
Fetko, Olexiy;Ukraine FUT;UcrâniaUcrânia;Avançado;R$ 474.011,00;27
Feudjou , Loic;Cameroon;CamarõesCamarões;Guarda-redes;R$ 100.468,00;22
Feulner, Markus;Augsburg (GER);AlemanhaAlemanha;Médio;R$ 58.926,00;18
Fever, Abigail;Cardiff Met (WAL);País de GalesPaís de Gales;Avançado;R$ 350.142,00;34
Fewster, Bradley;Preston (ENG) / England U19;InglaterraInglaterra;Avançado;R$ 282.619,00;36
Ficzay, Maria;Olimpia Cluj (ROU) / Romania WOCO;RoméniaRoménia;Defesa;R$ 473.258,00;25
Fideleff, Ignacio;Ergotelis (GRE);ArgentinaArgentina;Defesa;R$ 186.968,00;25
Fideršek, Matej;Brezje Maribor (SVN) / Slovenia FUT;EslovéniaEslovénia;Avançado;R$ 65.891,00;20
Fidler, Artem;Ural (RUS);RússiaRússia;Defesa;R$ 305.754,00;24
Fiebig, Franziska;Wolfsburg (GER);AlemanhaAlemanha;Defesa;R$ 148.121,00;26
Figueiras, Diogo;Sevilla (ESP);PortugalPortugal;Defesa;R$ 431.930,00;25
Figueras, Colin;Gibraltar FUT;GibraltarGibraltar;Defesa;R$ 235.111,00;33
Figueroa, Maynor;Hull (ENG) / Honduras;HondurasHonduras;Defesa;R$ 98.205,00;31
Fil, Marta;Poland WU17;PolóniaPolónia;Médio;R$ 443.732,00;18
Filekovic, Edina;Rosengård (SWE) / Sweden WU17;SuéciaSuécia;Defesa;R$ 385.471,00;34
Filip, Lucian;Steaua (ROU);RoméniaRoménia;Médio;R$ 164.835,00;33
Filip, Steliano;Dinamo Bucure?ti (ROU) / Romania U21;RoméniaRoménia;Médio;R$ 210.470,00;27
Filip, Ioan;Petrolul (ROU);RoméniaRoménia;Médio;R$ 201.564,00;19
Filip, Oliver;Austria U17;ÁustriaÁustria;Avançado;R$ 85.173,00;18
Filip Djordjevi?;Lazio (ITA) / Serbia;SérviaSérvia;Avançado;R$ 283.501,00;33
Filipa Rodrigues;Ouriense (POR) / Portugal WOCO;PortugalPortugal;Defesa;R$ 467.475,00;25
Filipe, António;Paços Ferreira (POR);PortugalPortugal;Guarda-redes;R$ 119.689,00;17
Filipe Estevez;Bulle (SUI);PortugalPortugal;Avançado;R$ 64.474,00;25
Filipe Gonçalves;Estoril (POR);PortugalPortugal;Médio;R$ 381.398,00;26
Filipe Luís;Chelsea (ENG);BrasilBrasil;Defesa;R$ 18.138,00;34
Filipe Teixeira;Petrolul (ROU);PortugalPortugal;Médio;R$ 487.014,00;30
Filipenko, Yegor;Málaga (ESP) / Belarus;BielorrússiaBielorrússia;Defesa;R$ 456.818,00;31
Filipov, Filip;Varna (BUL) / Bulgaria FUT;BulgáriaBulgária;Defesa;R$ 382.147,00;24
Filipovi?, Željko;Slovenia;EslovéniaEslovénia;Médio;R$ 27.169,00;21
Filipovi?, Aleksandar;Serbia U21 / Serbia U19;SérviaSérvia;Defesa;R$ 269.337,00;30
Filipovi?, Stojana;Montenegro WU17;MontenegroMontenegro;Médio;R$ 312.937,00;26
Filipovi?, Tijana;Serbia WU17;SérviaSérvia;Médio;R$ 130.662,00;23
Filipovi?, Josip;Schwaz (AUT);CroáciaCroácia;Avançado;R$ 134.622,00;29
Filipovic, Dusan;Switzerland FUT;SuíçaSuíça;Defesa;R$ 114.379,00;25
Filippi, Giorgia;Italy WU19;ItáliaItália;Médio;R$ 43.744,00;23
Filler, Katalina;Romania WU19;RoméniaRoménia;Médio;R$ 20.098,00;33
Filtsov, Aleksandr;Rubin (RUS);RússiaRússia;Guarda-redes;R$ 265.717,00;25
Findlay, Stuart;Scotland U21;EscóciaEscócia;Defesa;R$ 490.806,00;36
Fineo;Araz (AZE);BrasilBrasil;Avançado;R$ 82.178,00;25
Finlayson, Mark;Falkirk (SCO) / Scotland U17;EscóciaEscócia;Defesa;R$ 255.602,00;20
Finn, Jamie;Republic of Ireland WU17;República da IrlandaRepública da Irlanda;Defesa;R$ 327.055,00;37
Finnbogason, Alfred;Real Sociedad (ESP) / Iceland;IslândiaIslândia;Avançado;R$ 398.020,00;18
Finndell, Evelina;Sweden WU17;SuéciaSuécia;Médio;R$ 476.336,00;35
Finne, Bård;Köln (GER);NoruegaNoruega;Avançado;R$ 221.118,00;25
Finnie, Ryan;Partick (SCO);EscóciaEscócia;Defesa;R$ 187.583,00;32
Finnigan, Megan;England WU17;InglaterraInglaterra;Defesa;R$ 451.074,00;20
Finnsson, Kolbeinn;Iceland U17;IslândiaIslândia;Médio;R$ 444.826,00;35
Finonchenko, Andrei;Kazakhstan;CazaquistãoCazaquistão;Avançado;R$ 181.000,00;21
Finsen, Ólafur Karl;Iceland U21;IslândiaIslândia;Avançado;R$ 282.450,00;33
Fiola, Attila;Paks (HUN) / Hungary;HungriaHungria;Defesa;R$ 438.009,00;19
Fioli?, Ivan;Croatia U19;CroáciaCroácia;Avançado;R$ 386.726,00;36
Fiore, Corentin;Standard Liège (BEL);BélgicaBélgica;Defesa;R$ 383.631,00;30
Firat Aras;Turkey U17;TurquiaTurquia;Avançado;R$ 95.915,00;31
Fischer, Nilla;Wolfsburg (GER) / Sweden WOCO;SuéciaSuécia;Defesa;R$ 253.304,00;36
Fischer, Alexander;Randers (DEN);DinamarcaDinamarca;Defesa;R$ 239.436,00;18
Fischer, Viktor;Ajax (NED) / Denmark;DinamarcaDinamarca;Avançado;R$ 133.878,00;20
Fischer, Riana;Zürich (SUI);SuíçaSuíça;Defesa;R$ 95.930,00;30
Fischer, Mathias;France U17;FrançaFrança;Defesa;R$ 208.104,00;25
Fischer, Vanessa;Germany WU19;AlemanhaAlemanha;Guarda-redes;R$ 221.623,00;32
Fischerová, Patrícia;Slovakia WOCO;EslováquiaEslováquia;Defesa;R$ 299.086,00;37
Fisher, Darnell;Celtic (SCO);InglaterraInglaterra;Defesa;R$ 356.071,00;21
Fisher, Luke;Northern Ireland U17;Irlanda do NorteIrlanda do Norte;Defesa;R$ 205.540,00;29
Fishler, Oferk;Israel U19;IsraelIsrael;Defesa;R$ 278.531,00;35
Fishlock, Jessica;Frankfurt (GER) / Wales WOCO;País de GalesPaís de Gales;Médio;R$ 269.960,00;34
Fisk, Grace;England WU17;InglaterraInglaterra;Defesa;R$ 213.183,00;23
Fisker, Frederik;Denmark U17;DinamarcaDinamarca;Defesa;R$ 43.792,00;23
Fiskerstrand, Cecilie;Stabæk (NOR) / Norway WU19;NoruegaNoruega;Guarda-redes;R$ 326.778,00;29
Fitanidis, Sokratis;Atromitos (GRE);GréciaGrécia;Defesa;R$ 488.644,00;31
Fité, Oriol;Andorra;AndorraAndorra;Defesa;R$ 132.831,00;31
Fitissova, Alina;Estonia WU17;EstóniaEstónia;Avançado;R$ 207.652,00;37
Fjellberg, Jonas;Norway U17;NoruegaNoruega;Médio;R$ 251.276,00;26
Fjelldal, Vilde;Norway WU19;NoruegaNoruega;Avançado;R$ 465.646,00;23
Fjodorova, Anastasija;Latvia WU17;LetóniaLetónia;Médio;R$ 463.165,00;23
Fjóluson, Jón Gudni;Sundsvall (SWE) / Iceland;IslândiaIslândia;Defesa;R$ 27.059,00;24
Flaherty, Rebecca;Scotland WU19;EscóciaEscócia;Guarda-redes;R$ 410.194,00;20
Flaksis , Reinis;Liep?ja (LVA) / Latvia U21;LetóniaLetónia;Defesa;R$ 142.732,00;28
Flamini, Mathieu;Arsenal (ENG);FrançaFrança;Médio;R$ 268.428,00;29
Flanagan, Jon;Liverpool (ENG);InglaterraInglaterra;Defesa;R$ 428.025,00;30
Flander, Luka;Kobarid (SVN);EslovéniaEslovénia;Avançado;R$ 312.515,00;34
Flask, Jade;Malta WOCO / Malta WU19;MaltaMalta;Avançado;R$ 31.538,00;29
Flatabø, Kristian;Vegakameratene (NOR);NoruegaNoruega;Guarda-redes;R$ 377.505,00;22
Flatz, Valentin;Liechtenstein;LiechtensteinLiechtenstein;Defesa;R$ 17.317,00;36
Flatz, Vinzenz;Liechtenstein / Liechtenstein U21;LiechtensteinLiechtenstein;Médio;R$ 383.725,00;30
Flávia Fartaria;Ouriense (POR);PortugalPortugal;Avançado;R$ 425.276,00;20
Flávio Silva;Portugal U19;PortugalPortugal;Avançado;R$ 400.938,00;35
Fleck, Nikolett;Hungary WU17;HungriaHungria;Defesa;R$ 417.797,00;17
Fledderus, Mark-Jan;Heracles (NED);HolandaHolanda;Médio;R$ 268.104,00;32
Fleeting, Julie;Glasgow City (SCO);EscóciaEscócia;Avançado;R$ 350.715,00;31
Fletcher, Darren;West Brom (ENG) / Scotland;EscóciaEscócia;Médio;R$ 155.118,00;22
Fletcher, Steven;Sunderland (ENG) / Scotland;EscóciaEscócia;Avançado;R$ 295.346,00;26
Flint, Natasha;England WU19;InglaterraInglaterra;Avançado;R$ 26.188,00;37
Flinta, Dennis;Silkeborg (DEN);DinamarcaDinamarca;Médio;R$ 183.495,00;20
Fliskas, Kostas;Xanthi (GRE);GréciaGrécia;Médio;R$ 346.977,00;30
Flo, Per Egil;Norway;NoruegaNoruega;Defesa;R$ 243.120,00;20
Floccari, Sergio;Sassuolo (ITA);ItáliaItália;Avançado;R$ 324.796,00;20
Flood, Willo;Aberdeen (SCO);República da IrlandaRepública da Irlanda;Médio;R$ 57.954,00;22
Flor;Ouriense (POR);PortugalPortugal;Avançado;R$ 464.790,00;17
Floranus, Sherel;Sparta (NED) / Netherlands U17;HolandaHolanda;Defesa;R$ 3.691,00;33
Florean, Andrei;Pápa (HUN);RoméniaRoménia;Médio;R$ 174.907,00;32
Floren, Jesper;Gefle (SWE);SuéciaSuécia;Médio;R$ 141.128,00;17
Florenzi, Alessandro;Roma (ITA) / Italy;ItáliaItália;Médio;R$ 201.307,00;19
Flores, Rojas;Encamp (AND) / Andorra FUT;AndorraAndorra;Defesa;R$ 473.583,00;37
Florescu, George;Astra (ROU);RoméniaRoménia;Médio;R$ 155.368,00;26
Floris, Marika;Torres (ITA);ItáliaItália;Avançado;R$ 441.614,00;18
Floro Flores, Antonio;Sassuolo (ITA);ItáliaItália;Avançado;R$ 475.411,00;17
Flouri, Eleftherios;Cyprus U17;ChipreChipre;Guarda-redes;R$ 250.199,00;17
Flum, Johannes;Frankfurt (GER);AlemanhaAlemanha;Médio;R$ 456.021,00;33
Foc?a , Maxim;Academia (MDA) / Moldova U21 / Moldova;República da MoldáviaRepública da Moldávia;Defesa;R$ 223.035,00;35
Fofana, Mohamed;Reims (FRA);FrançaFrança;Defesa;R$ 73.951,00;22
Fofana, Gueïda;Lyon (FRA);FrançaFrança;Defesa;R$ 326.311,00;33
Fogl, Katalin;MTK (HUN);HungriaHungria;Médio;R$ 296.808,00;32
Föhrenbach, Jonas;Freiburg (GER) / Germany U19;AlemanhaAlemanha;Defesa;R$ 108.290,00;18
Foia, Ana;Romania WU17;RoméniaRoménia;Avançado;R$ 275.413,00;37
Fojut, Jaros?aw;Dundee United (SCO);PolóniaPolónia;Defesa;R$ 43.428,00;31
Foket, Thomas;Gent (BEL) / Belgium U21;BélgicaBélgica;Médio;R$ 249.685,00;20
Foley, Kevin;København (DEN);República da IrlandaRepública da Irlanda;Médio;R$ 206.476,00;33
Folkertsma, Sippie;Netherlands WU19;HolandaHolanda;Médio;R$ 100.251,00;21
Folkesson, Hanna;Sweden WOCO;SuéciaSuécia;Médio;R$ 250.515,00;32
Follador, Luiz Felipe;Asti (ITA) / Italy FUT;ItáliaItália;Defesa;R$ 78.195,00;27
Fomin, Semen;Torpedo Moskva (RUS);RússiaRússia;Médio;R$ 194.964,00;18
Fomin, Evgeni;Dina Moskva (RUS);RússiaRússia;Defesa;R$ 396.895,00;27
Fomych, Viktoriia;Ukraine WU17;UcrâniaUcrânia;Avançado;R$ 381.248,00;36
Fonstad, Omar;Norway FUT;NoruegaNoruega;Avançado;R$ 409.937,00;27
Font Font, Natalia;Andorra WOCO;AndorraAndorra;Guarda-redes;R$ 265.444,00;20
Fontanello, Pablo;Ural (RUS);ArgentinaArgentina;Defesa;R$ 294.373,00;27
Fontàs, Andreu;Celta (ESP);EspanhaEspanha;Defesa;R$ 96.553,00;32
Fonte, José;Southampton (ENG) / Portugal;PortugalPortugal;Defesa;R$ 152.827,00;34
Fonte, Rui;Belenenses (POR);PortugalPortugal;Avançado;R$ 218.963,00;36
Foote, Rebecca;Scotland WU19;EscóciaEscócia;Avançado;R$ 431.011,00;19
Foran, Richie;Inverness (SCO);República da IrlandaRepública da Irlanda;Avançado;R$ 20.014,00;21
Forbes, Clara;Northern Ireland WU19;Irlanda do NorteIrlanda do Norte;Defesa;R$ 318.197,00;27
Forde, David;Millwall (ENG) / Republic of Ireland;República da IrlandaRepública da Irlanda;Guarda-redes;R$ 149.183,00;26
Forlán, Diego;Uruguay;UruguaiUruguai;Avançado;R$ 171.696,00;24
Formánek, Pavel;Chrudim (CZE);Rep. ChecaRep. Checa;Defesa;R$ 9.533,00;37
Formella, Dariusz;Lech (POL);PolóniaPolónia;Avançado;R$ 413.708,00;24
Fornal, Marcin;Eden (IRL);PolóniaPolónia;Guarda-redes;R$ 177.206,00;37
Forren, Vegard;Norway;NoruegaNoruega;Defesa;R$ 157.299,00;36
Forrest, James;Celtic (SCO) / Scotland;EscóciaEscócia;Médio;R$ 320.976,00;23
Forró, Gyula;Újpest (HUN) / Hungary;HungriaHungria;Defesa;R$ 352.676,00;37
Forsberg, Emil;Sweden;SuéciaSuécia;Médio;R$ 68.538,00;25
Forsell, Petteri;Mariehamn (FIN) / Finland;FinlândiaFinlândia;Médio;R$ 242.041,00;34
Forss, Julie;Finland WU17;FinlândiaFinlândia;Defesa;R$ 422.665,00;19
Forss, Fanny;Finland WU19;FinlândiaFinlândia;Avançado;R$ 16.466,00;30
Forssell, Mikael;Finland;FinlândiaFinlândia;Avançado;R$ 476.900,00;31
Forster, Fraser;Southampton (ENG) / England;InglaterraInglaterra;Guarda-redes;R$ 406.979,00;18
Forsyth, Craig;Derby (ENG) / Scotland;EscóciaEscócia;Defesa;R$ 68.947,00;30
Forte, Marcio;Montesilvano (ITA) / Italy FUT;ItáliaItália;Defesa;R$ 58.135,00;26
Fortes, Odair;Reims (FRA);Cabo VerdeCabo Verde;Médio;R$ 349.132,00;17
Fortes, Jeffry;Dordrecht (NED);HolandaHolanda;Defesa;R$ 243.259,00;26
Fortino;Luparense (ITA) / Italy FUT;ItáliaItália;Avançado;R$ 495.397,00;19
Fortounis, Kostas;Olympiacos (GRE) / Greece;GréciaGrécia;Médio;R$ 162.978,00;21
Fortuna, Julian;Gibraltar FUT;GibraltarGibraltar;Guarda-redes;R$ 136.565,00;35
Fortunati, Matteo;San Marino U17;San MarinoSan Marino;Defesa;R$ 177.326,00;20
Foser, Michael;Liechtenstein U17;LiechtensteinLiechtenstein;Guarda-redes;R$ 363.439,00;36
Fossé, Jonathan;Charleroi 21 (BEL) / Belgium FUT;BélgicaBélgica;Defesa;R$ 265.911,00;22
Fossli, Andreas;Vegakameratene (NOR);NoruegaNoruega;Avançado;R$ 269.757,00;24
Fossum, Iver;Norway U21 / Norway U19;NoruegaNoruega;Médio;R$ 279.309,00;27
Foster, Richard;Bristol City (ENG) / Scotland;EscóciaEscócia;Defesa;R$ 38.535,00;30
Foster, Ben;West Brom (ENG) / England;InglaterraInglaterra;Guarda-redes;R$ 17.114,00;17
Fosu-Mensah, Timothy;Man. United (ENG) / Netherlands U17;HolandaHolanda;Defesa;R$ 151.251,00;30
Fotakis, Giorgos;Panetolikos (GRE) / Greece;GréciaGrécia;Médio;R$ 333.546,00;35
Fotiadou, Martha;Amazones Dramas (GRE);GréciaGrécia;Médio;R$ 304.696,00;23
Fouasis, Antonios;Greece U17;GréciaGrécia;Defesa;R$ 56.372,00;34
Foulquier, Dimitri;Granada (ESP) / France U21;FrançaFrança;Defesa;R$ 32.351,00;32
Fountas, Taxiarchis;Panionios (GRE);GréciaGrécia;Médio;R$ 348.375,00;33
Fox, Scott;Partick (SCO);EscóciaEscócia;Guarda-redes;R$ 292.540,00;25
Fox, Daniel;Scotland;EscóciaEscócia;Defesa;R$ 410.510,00;25
Fox, Morgan;Wales U21;País de GalesPaís de Gales;Defesa;R$ 368.262,00;26
Foy, Jessica;Glentoran (NIR) / Northern Ireland WOCO;Irlanda do NorteIrlanda do Norte;Avançado;R$ 8.014,00;37
Fragkeskou, Andreas;Cyprus U19;ChipreChipre;Médio;R$ 364.077,00;24
Fragkou, Andreas;Apollon (CYP) / Cyprus U19;ChipreChipre;Médio;R$ 257.396,00;23
Fragoli, Lisa;France WU17;FrançaFrança;Avançado;R$ 378.210,00;21
Fragou, Maria;Amazones Dramas (GRE);GréciaGrécia;Médio;R$ 498.916,00;23
Fragoulakis, Michalis;OFI (GRE);GréciaGrécia;Médio;R$ 68.955,00;37
Fraine, Kathlynn;Linköping (SWE);EUAEUA;Guarda-redes;R$ 121.253,00;31
Frajtovi?, Andjela;Serbia WU17;SérviaSérvia;Médio;R$ 109.645,00;23
Fran Navarro;Valencia (ESP) / Spain U17;EspanhaEspanha;Avançado;R$ 206.451,00;17
Fran Villalba;Valencia (ESP) / Spain U17;EspanhaEspanha;Médio;R$ 103.643,00;23
Francesconi, Manuel;Tre Penne (SMR) / San Marino FUT;San MarinoSan Marino;Defesa;R$ 484.972,00;36
Francini, Lorenzo;San Marino U21;San MarinoSan Marino;Médio;R$ 404.044,00;29
Franciosi, Andrea;San Marino FUT;San MarinoSan Marino;Avançado;R$ 485.625,00;17
Francis, Waylon;Costa Rica;Costa RicaCosta Rica;Defesa;R$ 480.579,00;23
Francis-Angol, Zaine;Motherwell (SCO);InglaterraInglaterra;Médio;R$ 190.495,00;33
Francisca Cardoso;Portugal WU19;PortugalPortugal;Avançado;R$ 233.000,00;30
Franco, Pedro;Be?ikta? (TUR);ColômbiaColômbia;Defesa;R$ 375.166,00;35
Francois, Guillaume;Charleroi (BEL);BélgicaBélgica;Avançado;R$ 29.445,00;36
Franja, Ezmiralda;Vllaznia (ALB) / Albania WOCO;AlbâniaAlbânia;Defesa;R$ 489.453,00;34
Franji?, Ivan;Torpedo Moskva (RUS) / Australia;AustráliaAustrália;Defesa;R$ 97.309,00;29
Frank, Laura;Denmark WU17;DinamarcaDinamarca;Avançado;R$ 27.200,00;24
Frank Hansen;Silkeborg (DEN);DinamarcaDinamarca;Defesa;R$ 338.844,00;27
Franklínsdóttir, Helga;Stjarnan (ISL);IslândiaIslândia;Médio;R$ 179.971,00;28
Frans, Frederic;Partick (SCO);BélgicaBélgica;Defesa;R$ 430.554,00;18
Frantsen, Jenny;Norway WU17;NoruegaNoruega;Guarda-redes;R$ 186.786,00;28
Frantz, Mike;Freiburg (GER);AlemanhaAlemanha;Médio;R$ 401.881,00;17
Franz, Rafa?;Bielsko-Bia?a (POL);PolóniaPolónia;Avançado;R$ 455.355,00;31
Fraser, Marcus;Ross County (SCO) / Scotland U21;EscóciaEscócia;Defesa;R$ 266.874,00;19
Fraser, Ryan;Scotland U21;EscóciaEscócia;Avançado;R$ 302.774,00;27
Fraser, Kirsty;Scotland WU17;EscóciaEscócia;Defesa;R$ 61.499,00;36
Frasheri, Stivi;Tirana (ALB) / Albania;AlbâniaAlbânia;Guarda-redes;R$ 310.806,00;25
Frasinescu, Cosmin;U Craiova (ROU);RoméniaRoménia;Defesa;R$ 450.870,00;34
Fratina, Domen;Kobarid (SVN);EslovéniaEslovénia;Médio;R$ 5.754,00;35
Frausing Pedersen, Nina;Liverpool (ENG) / Denmark WOCO;DinamarcaDinamarca;Defesa;R$ 468.830,00;19
Frawley, Aisling;Republic of Ireland WU19;República da IrlandaRepública da Irlanda;Defesa;R$ 229.646,00;30
Fred;Brazil;BrasilBrasil;Avançado;R$ 23.919,00;33
Fred;Shakhtar Donetsk (UKR);BrasilBrasil;Médio;R$ 495.880,00;28
Frederico Venâncio;Portugal U21;PortugalPortugal;Defesa;R$ 369.646,00;32
Frederiksen, John;Faroe Islands U19;Ilhas FaroéIlhas Faroé;Avançado;R$ 194.292,00;36
Fredriksberg, Jónhard;NSÍ (FRO) / Faroe Islands;Ilhas FaroéIlhas Faroé;Avançado;R$ 490.464,00;33
Fredriksberg, Arni;NSÍ (FRO) / Faroe Islands U21;Ilhas FaroéIlhas Faroé;Avançado;R$ 246.453,00;29
Frei, Fabian;Basel (SUI) / Switzerland;SuíçaSuíça;Médio;R$ 259.844,00;17
Freidgeimas, Georgas;Lithuania;LituâniaLituânia;Defesa;R$ 173.158,00;33
Freigang, Laura;Germany WU19;AlemanhaAlemanha;Avançado;R$ 409.212,00;36
Freimanis, Gints;Latvia;LetóniaLetónia;Defesa;R$ 286.726,00;35
Freire;Nacional (POR);BrasilBrasil;Defesa;R$ 460.451,00;30
Freit, Tomáš;Czech Republic U17;Rep. ChecaRep. Checa;Avançado;R$ 186.969,00;19
Freitag, Christoph;Wiener Neustadt (AUT);ÁustriaÁustria;Médio;R$ 272.104,00;27
Frendo, George;Malta FUT;MaltaMalta;Avançado;R$ 251.300,00;28
Freuler, Remo;Luzern (SUI) / Switzerland U21;SuíçaSuíça;Médio;R$ 498.251,00;30
Frey, Sébastien;Bursaspor (TUR);FrançaFrança;Guarda-redes;R$ 241.309,00;34
Frey, Nicolas;Chievo (ITA);FrançaFrança;Defesa;R$ 397.244,00;31
Frey, Michael;LOSC (FRA) / Switzerland / Switzerland U21;SuíçaSuíça;Avançado;R$ 464.211,00;27
Frezzolini, Giorgio;Atalanta (ITA);ItáliaItália;Guarda-redes;R$ 393.299,00;21
Friberg, Erik;Esbjerg (DEN);SuéciaSuécia;Médio;R$ 145.628,00;33
Friberg, Niklas;Finland U19;FinlândiaFinlândia;Defesa;R$ 9.494,00;30
Fri?, David;Slov-Matic (SVK) / Czech Republic FUT;Rep. ChecaRep. Checa;Defesa;R$ 475.545,00;20
Frick, Mario;Balzers (LIE) / Liechtenstein;LiechtensteinLiechtenstein;Avançado;R$ 11.481,00;31
Frick, Per;Elfsborg (SWE);SuéciaSuécia;Avançado;R$ 157.586,00;28
Frick, Yanik;Liechtenstein U17;LiechtensteinLiechtenstein;Avançado;R$ 35.831,00;27
Frick, Julian;Liechtenstein U17;LiechtensteinLiechtenstein;Médio;R$ 436.048,00;28
Frickson Erazo;Ecuador;EquadorEquador;Defesa;R$ 354.791,00;29
Fridjonsdottir, Inga Birna;Stjarnan (ISL);IslândiaIslândia;Avançado;R$ 430.459,00;18
Fridjónsdóttir, Elva;Stjarnan (ISL);IslândiaIslândia;Médio;R$ 207.297,00;35
Fridjonsson, Holmbert;Celtic (SCO) / Iceland U21;IslândiaIslândia;Médio;R$ 335.596,00;34
Friðjónsson, Samúel;Iceland U19;IslândiaIslândia;Defesa;R$ 93.497,00;18
Fridlund, Johanne;Norway WU19;NoruegaNoruega;Médio;R$ 57.139,00;33
Fridman, Moran;ASA Tel-Aviv (ISR) / Israel WOCO;IsraelIsrael;Defesa;R$ 445.372,00;22
Fridolin, Inger;Estonia WU17;EstóniaEstónia;Avançado;R$ 21.102,00;17
Fridrikas, Mantas;Lithuania;LituâniaLituânia;Defesa;R$ 271.732,00;20
Fridriksdóttir, Fanndís;Kolbotn (NOR) / Iceland WOCO;IslândiaIslândia;Médio;R$ 339.121,00;27
Fríðriksmørk, Marita Á;Faroe Islands WU19;Ilhas FaroéIlhas Faroé;Médio;R$ 425.824,00;35
Friedel, Brad;Tottenham (ENG);EUAEUA;Guarda-redes;R$ 120.871,00;20
Friedl, Katja;Germany WU17;AlemanhaAlemanha;Médio;R$ 121.239,00;27
Friedli, Seraina;Zürich (SUI);SuíçaSuíça;Guarda-redes;R$ 129.527,00;33
Friedman, Sarah Lynn;ASA Tel-Aviv (ISR);IsraelIsrael;Médio;R$ 230.883,00;27
Friedrich, Marvin;Schalke (GER);AlemanhaAlemanha;Defesa;R$ 396.909,00;27
Friedrich, Melissa;Frankfurt (GER);AlemanhaAlemanha;Defesa;R$ 396.137,00;17
Friedrich, Timo;Austria U17;ÁustriaÁustria;Defesa;R$ 75.079,00;17
Friggieri, Aidan;Malta U17 / Malta U19;MaltaMalta;Avançado;R$ 293.438,00;17
Frimpong, Emmanuel;Ufa (RUS);GanaGana;Médio;R$ 221.664,00;21
Frising, Joé;Rodange (LUX) / Luxembourg / Luxembourg U21;LuxemburgoLuxemburgo;Guarda-redes;R$ 22.930,00;31
Frising, Pascale;Luxembourg WOCO;LuxemburgoLuxemburgo;Defesa;R$ 496.796,00;21
Frison, Alberto;Sampdoria (ITA);ItáliaItália;Guarda-redes;R$ 10.735,00;37
Frisoni, Marco;San Marino U17;San MarinoSan Marino;Médio;R$ 91.479,00;32
Fritz, Clemens;Bremen (GER);AlemanhaAlemanha;Defesa;R$ 406.626,00;18
Frode Johnsen;Odd (NOR) / Norway;NoruegaNoruega;Avançado;R$ 190.761,00;33
Frohms, Merle;Wolfsburg (GER);AlemanhaAlemanha;Guarda-redes;R$ 65.961,00;21
Frölund, David;Häcken (SWE);SuéciaSuécia;Médio;R$ 374.169,00;31
Frommann, Constantin;Freiburg (GER) / Germany U17;AlemanhaAlemanha;Guarda-redes;R$ 187.846,00;35
Front, Jenna;Finland WU19;FinlândiaFinlândia;Avançado;R$ 50.357,00;20
Frontino, Gianluca;Thun (SUI);SuíçaSuíça;Médio;R$ 320.711,00;33
Fröschl, Thomas;Ried (AUT);ÁustriaÁustria;Avançado;R$ 344.918,00;25
Froxylias, Dimitris;Ethnikos Achnas (CYP) / Cyprus U21;ChipreChipre;Defesa;R$ 217.445,00;32
Frunza, Viorel;Moldova;República da MoldáviaRepública da Moldávia;Avançado;R$ 202.206,00;24
Fuchs, Christian;Schalke (GER) / Austria;ÁustriaÁustria;Defesa;R$ 302.041,00;23
Fuchs, Benjamin;Konyaspor (TUR);ÁustriaÁustria;Médio;R$ 213.716,00;31
Fucile, Jorge;Porto (POR) / Uruguay;UruguaiUruguai;Defesa;R$ 406.408,00;33
Fuego, Javier;Valencia (ESP);EspanhaEspanha;Médio;R$ 375.361,00;25
Fuenzalida, Jose;Chile;ChileChile;Médio;R$ 482.600,00;34
Fuhre, Lars;Hammarby (SWE);NoruegaNoruega;Médio;R$ 181.638,00;20
Fukin, Aleksandr;Dynamo (RUS) / Russia FUT;RússiaRússia;Avançado;R$ 369.584,00;17
Fulgini, Angelo;Valenciennes (FRA) / France U19;FrançaFrança;Defesa;R$ 483.273,00;22
Fulton, Ryan;Scotland U19;EscóciaEscócia;Guarda-redes;R$ 292.275,00;27
Funk, Marius;Stuttgart (GER) / Germany U19;AlemanhaAlemanha;Guarda-redes;R$ 132.840,00;28
Furculi?a, Daniela;Goliador-Real (MDA) / Moldova WU19;República da MoldáviaRepública da Moldávia;Defesa;R$ 156.807,00;35
Furkan Özçal;Karabükspor (TUR);TurquiaTurquia;Médio;R$ 244.533,00;20
Furkan Soyalp;Bursaspor (TUR);TurquiaTurquia;Médio;R$ 413.938,00;20
Furman, Dominik;Legia (POL) / Poland U21;PolóniaPolónia;Médio;R$ 177.411,00;24
Furness, Rachel;Northern Ireland WOCO;Irlanda do NorteIrlanda do Norte;Médio;R$ 486.271,00;28
Furrer, Nadja;Switzerland WU17;SuíçaSuíça;Guarda-redes;R$ 128.295,00;30
Furuholm, Timo;Düsseldorf (GER) / Finland;FinlândiaFinlândia;Avançado;R$ 211.112,00;25
Futács, Markó;Mersin (TUR);HungriaHungria;Avançado;R$ 28.643,00;25
Fylaktou, Gerasimos;Omonia (CYP);ChipreChipre;Médio;R$ 251.222,00;33
